agent_type,analysis_model,n,mae,rmse,mean_liking,mean_predicted_liking
system1,flash_lite_25,60,1.1389,1.3621674150656617,5.35,4.322233333333333
system1,g3_flash_low,60,0.7333666666666667,0.9250165584103526,5.35,5.2889333333333335
system2,flash_lite_25,60,2.9144666666666668,3.1146811928885003,4.1033333333333335,1.1888666666666667
system2,g3_flash_low,60,1.7089,1.8896535220334265,4.1033333333333335,2.4222333333333332
